"RecordID","ProgramStudi","Gender","DeviceUtama","ModaBelajar","Kepuasan","IntensitasBelajar","DurasiBelajarJam","PaketID"
673444,"Matematika","L","Smartphone","Video","Cukup","Sedang",4.6,"ADK1-0701822E"
955822,"Sains Aktuaria","L","Tablet","Video","Sangat Puas","Tinggi",5.9,"ADK1-0701822E"
878446,"Sistem Informasi","P","Laptop","Diskusi","Tidak Puas","Rendah",2.7,"ADK1-0701822E"
324098,"Sains Aktuaria","L","Tablet","Video","Puas","Tinggi",10.2,"ADK1-0701822E"
137363,"Sains Aktuaria","P","Laptop","Video","Puas","Sedang",10.4,"ADK1-0701822E"
915265,"Sains Aktuaria","L","Smartphone","Diskusi","Tidak Puas","Tinggi",7.7,"ADK1-0701822E"
368269,"Sains Aktuaria","L","Smartphone","Diskusi","Tidak Puas","Rendah",5.3,"ADK1-0701822E"
474351,"Matematika","L","Smartphone","Video","Tidak Puas","Rendah",5.1,"ADK1-0701822E"
939088,"Matematika","P","Laptop","Diskusi","Sangat Puas","Tinggi",8.7,"ADK1-0701822E"
497705,"Sistem Informasi","L","Tablet","Video","Tidak Puas","Rendah",3.2,"ADK1-0701822E"
445122,"Sains Data","P","Smartphone","Buku","Tidak Puas","Rendah",4.5,"ADK1-0701822E"
945464,"Sains Aktuaria","L","Laptop","Video","Sangat Puas","Sedang",7.3,"ADK1-0701822E"
757259,"Sains Data","L","Smartphone","Praktik","Sangat Puas","Rendah",5.5,"ADK1-0701822E"
105917,"Matematika","P","Tablet","Video","Cukup","Rendah",5.6,"ADK1-0701822E"
926126,"Matematika","L","Smartphone","Diskusi","Tidak Puas","Sedang",4.9,"ADK1-0701822E"
532240,"Sains Aktuaria","P","Tablet","Diskusi","Cukup","Tinggi",10.6,"ADK1-0701822E"
199386,"Matematika","L","Tablet","Diskusi","Puas","Rendah",2,"ADK1-0701822E"
149662,"Sains Data","L","Smartphone","Video","Puas","Sedang",7.5,"ADK1-0701822E"
801746,"Matematika","L","Smartphone","Video","Tidak Puas","Sedang",7.1,"ADK1-0701822E"
558772,"Sains Aktuaria","P","Laptop","Buku","Cukup","Rendah",1.6,"ADK1-0701822E"
937158,"Sains Aktuaria","L","Tablet","Video",,"Sedang",9.4,"ADK1-0701822E"
157629,"Sains Aktuaria","L","Tablet","Video","Tidak Puas","Sedang",6.2,"ADK1-0701822E"
418698,"Matematika","L","Tablet","Buku","Cukup","Rendah",6,"ADK1-0701822E"
190734,"Matematika","P","Smartphone","Video","Cukup","Sedang",6.9,"ADK1-0701822E"
342844,"Sains Data","P","Laptop","Video","Cukup","Tinggi",9.6,"ADK1-0701822E"
649854,"Sains Aktuaria","P","Laptop","Video","Cukup","Rendah",5.5,"ADK1-0701822E"
197865,"Sistem Informasi","L","Laptop","Video","Puas","Sedang",4.8,"ADK1-0701822E"
345160,"Sains Aktuaria","P","Tablet","Video","Puas","Sedang",4.7,"ADK1-0701822E"
658690,"Sains Aktuaria","P","Tablet","Buku","Cukup","Sedang",10.2,"ADK1-0701822E"
788442,"Sistem Informasi","P","Tablet","Buku","Sangat Puas","Sedang",6.3,"ADK1-0701822E"
663823,"Sains Aktuaria","L","Tablet","Video","Cukup","Rendah",3.8,"ADK1-0701822E"
647071,"Sains Aktuaria","L","Smartphone","Diskusi","Cukup","Tinggi",13.2,"ADK1-0701822E"
490953,"Matematika","P","Tablet","Video","Puas","Rendah",6.4,"ADK1-0701822E"
923078,"Matematika","L","Tablet","Diskusi","Cukup","Sedang",10.6,"ADK1-0701822E"
163031,"Sains Data","P","Tablet","Video","Tidak Puas","Tinggi",11,"ADK1-0701822E"
138486,"Matematika","P","Tablet","Video","Tidak Puas","Sedang",7.7,"ADK1-0701822E"
122770,"Matematika","L","Tablet","Video","Sangat Puas","Tinggi",10.1,"ADK1-0701822E"
350682,"Sains Aktuaria","P","Laptop","Video","Sangat Puas","Tinggi",9,"ADK1-0701822E"
309022,"Sains Aktuaria","L","Tablet","Diskusi","Sangat Puas","Rendah",4.1,"ADK1-0701822E"
147808,"Sains Data","P","Smartphone","Buku","Cukup","Tinggi",11,"ADK1-0701822E"
696363,"Sains Aktuaria","L","Laptop","Video","Puas","Sedang",4.8,"ADK1-0701822E"
827875,"Matematika","P","Smartphone","Diskusi","Cukup","Tinggi",10.9,"ADK1-0701822E"
712452,"Sains Aktuaria","L","Tablet","Diskusi","Tidak Puas","Sedang",5,"ADK1-0701822E"
726725,"Sistem Informasi","L","Laptop","Video","Cukup","Sedang",8.4,"ADK1-0701822E"
927621,"Sains Data","P","Smartphone","Video","Tidak Puas","Tinggi",12,"ADK1-0701822E"
470362,"Matematika","P","Smartphone","Buku","Cukup","Tinggi",9.8,"ADK1-0701822E"
732129,"Matematika","L","Tablet","Diskusi","Tidak Puas","Sedang",7.4,"ADK1-0701822E"
647225,"Matematika","L","Smartphone","Diskusi","Sangat Puas","Sedang",6,"ADK1-0701822E"
962442,"Sains Aktuaria","L","Tablet","Video","Sangat Puas",,5.2,"ADK1-0701822E"
909978,"Sains Aktuaria","P","Smartphone","Video","Cukup","Tinggi",11.2,"ADK1-0701822E"
919477,"Sistem Informasi","L","Laptop","Praktik","Puas","Tinggi",9.1,"ADK1-0701822E"
419731,"Matematika","L","Smartphone","Video","Sangat Puas","Tinggi",9.2,"ADK1-0701822E"
989103,"Sains Aktuaria","L","Smartphone","Diskusi","Puas","Rendah",5.7,"ADK1-0701822E"
249233,"Sains Aktuaria","L","Tablet","Video","Cukup","Rendah",1.9,"ADK1-0701822E"
228835,"Sains Aktuaria","P","Tablet","Diskusi","Puas","Rendah",5.3,"ADK1-0701822E"
186705,"Sains Data","P","Laptop","Praktik","Puas","Tinggi",12.9,"ADK1-0701822E"
100344,"Sains Data","P","Tablet","Buku","Cukup","Sedang",7,"ADK1-0701822E"
716382,"Sains Data","P","Laptop","Diskusi","Puas","Sedang",8.5,"ADK1-0701822E"
978039,"Matematika","P","Tablet","Praktik","Cukup","Tinggi",10,"ADK1-0701822E"
971297,"Sistem Informasi","P","Tablet","Diskusi","Puas","Tinggi",9.6,"ADK1-0701822E"
562174,"Sains Data","L","Tablet","Video","Puas","Sedang",6.4,"ADK1-0701822E"
448781,"Sistem Informasi","P","Tablet","Video","Sangat Puas","Sedang",3.2,"ADK1-0701822E"
689886,"Sistem Informasi","L","Smartphone","Diskusi","Cukup","Tinggi",10.3,"ADK1-0701822E"
843607,"Matematika","L","Tablet","Diskusi","Puas","Sedang",6.1,"ADK1-0701822E"
815489,"Sains Data","L","Smartphone","Video","Tidak Puas","Rendah",3.1,"ADK1-0701822E"
269911,"Matematika","L","Laptop","Video","Cukup","Tinggi",10.7,"ADK1-0701822E"
387917,"Sains Aktuaria","P","Laptop","Praktik","Sangat Puas","Sedang",7.3,"ADK1-0701822E"
955035,"Sains Aktuaria","P","Smartphone","Diskusi","Cukup","Rendah",3.1,"ADK1-0701822E"
947287,"Sains Aktuaria","P","Tablet","Buku","Cukup",,8.6,"ADK1-0701822E"
964059,"Sains Aktuaria","P","Laptop","Diskusi","Sangat Puas","Tinggi",8.7,"ADK1-0701822E"
112186,"Sistem Informasi","P","Tablet","Diskusi","Cukup","Tinggi",9,"ADK1-0701822E"
640694,"Sistem Informasi","P","Tablet","Buku","Cukup","Rendah",3.6,"ADK1-0701822E"
979130,"Sains Aktuaria","L","Smartphone","Buku","Cukup","Tinggi",11.3,"ADK1-0701822E"
394735,"Sistem Informasi","L","Smartphone","Praktik","Puas","Tinggi",10.7,"ADK1-0701822E"
585535,"Sistem Informasi","P","Smartphone","Praktik","Cukup","Rendah",2.8,"ADK1-0701822E"
462106,"Sistem Informasi","L","Tablet","Video","Cukup","Tinggi",10.5,"ADK1-0701822E"
115131,"Matematika","L","Laptop","Video","Puas","Rendah",3.6,"ADK1-0701822E"
348092,"Sistem Informasi","P","Tablet","Buku","Sangat Puas","Sedang",5.9,"ADK1-0701822E"
809476,"Sains Aktuaria","P","Tablet","Video","Cukup","Sedang",9.4,"ADK1-0701822E"
834708,"Matematika","P","Smartphone","Video","Sangat Puas","Tinggi",9.7,"ADK1-0701822E"
650523,"Sistem Informasi","P","Smartphone","Diskusi","Sangat Puas","Tinggi",9.7,"ADK1-0701822E"
627996,"Matematika","L","Smartphone","Video","Cukup","Rendah",,"ADK1-0701822E"
797911,"Sains Aktuaria","L","Tablet","Diskusi","Sangat Puas","Tinggi",11.3,"ADK1-0701822E"
623681,"Sistem Informasi","L","Smartphone","Diskusi","Puas","Tinggi",13,"ADK1-0701822E"
677611,"Sistem Informasi","L","Laptop","Diskusi","Puas","Sedang",5.5,"ADK1-0701822E"
679899,"Sistem Informasi","L","Tablet","Diskusi","Cukup","Tinggi",10.2,"ADK1-0701822E"
499656,"Matematika","L","Tablet","Praktik","Sangat Puas","Sedang",6.5,"ADK1-0701822E"
317104,"Sains Data","P","Laptop","Praktik","Sangat Puas","Tinggi",9.3,"ADK1-0701822E"
363730,"Matematika","L","Tablet","Praktik","Tidak Puas","Tinggi",11.2,"ADK1-0701822E"
751317,"Matematika","P","Tablet","Buku","Puas","Rendah",1.5,"ADK1-0701822E"
844871,"Sistem Informasi","P","Tablet","Buku","Puas","Rendah",6.3,"ADK1-0701822E"
441421,"Sains Aktuaria","L","Laptop","Diskusi","Tidak Puas","Rendah",3.7,"ADK1-0701822E"
401999,"Sains Data","L","Laptop","Video","Cukup","Rendah",4.8,"ADK1-0701822E"
