"RecordID","PengalamanCoding","ToolFavorit","PaketID"
601781,"Pemula","Python","ADK3-0A7E8D47"
794466,"Menengah","Python","ADK3-0A7E8D47"
394919,"Lanjut","Python","ADK3-0A7E8D47"
888349,"Lanjut","SQL","ADK3-0A7E8D47"
981621,"Pemula","R","ADK3-0A7E8D47"
588133,"Lanjut","Python","ADK3-0A7E8D47"
939586,"Lanjut","Python","ADK3-0A7E8D47"
150775,"Pemula","Python","ADK3-0A7E8D47"
512416,"Menengah","R","ADK3-0A7E8D47"
522089,"Lanjut","Python","ADK3-0A7E8D47"
507873,"Menengah","Python","ADK3-0A7E8D47"
287434,"Lanjut","Python","ADK3-0A7E8D47"
752519,"Lanjut","Python","ADK3-0A7E8D47"
268737,"Pemula","SQL","ADK3-0A7E8D47"
900436,"Pemula","Python","ADK3-0A7E8D47"
558983,"Pemula","R","ADK3-0A7E8D47"
744595,"Pemula","Python","ADK3-0A7E8D47"
396172,"Menengah","Python","ADK3-0A7E8D47"
122321,"Menengah","Python","ADK3-0A7E8D47"
713537,"Menengah","SQL","ADK3-0A7E8D47"
256220,"Menengah","R","ADK3-0A7E8D47"
384092,"Pemula","Python","ADK3-0A7E8D47"
929555,"Lanjut","Python","ADK3-0A7E8D47"
841614,"Lanjut","Python","ADK3-0A7E8D47"
153823,"Lanjut","SQL","ADK3-0A7E8D47"
208348,"Pemula","R","ADK3-0A7E8D47"
361247,"Menengah","SQL","ADK3-0A7E8D47"
431604,"Lanjut","Python","ADK3-0A7E8D47"
333069,"Pemula","R","ADK3-0A7E8D47"
654929,"Pemula","SQL","ADK3-0A7E8D47"
252922,"Pemula","R","ADK3-0A7E8D47"
964813,"Pemula","R","ADK3-0A7E8D47"
134187,"Pemula","Python","ADK3-0A7E8D47"
624315,"Lanjut","Python","ADK3-0A7E8D47"
232105,"Pemula","R","ADK3-0A7E8D47"
415413,"Menengah","Python","ADK3-0A7E8D47"
716441,"Pemula","SQL","ADK3-0A7E8D47"
919537,"Pemula","SQL","ADK3-0A7E8D47"
820025,"Pemula","R","ADK3-0A7E8D47"
513717,"Menengah","Python","ADK3-0A7E8D47"
954518,"Lanjut","R","ADK3-0A7E8D47"
739249,"Menengah","Python","ADK3-0A7E8D47"
245373,"Lanjut","SQL","ADK3-0A7E8D47"
127918,"Pemula","SQL","ADK3-0A7E8D47"
669396,"Pemula","R","ADK3-0A7E8D47"
285503,"Pemula","R","ADK3-0A7E8D47"
967737,"Menengah","Python","ADK3-0A7E8D47"
744659,"Menengah","Python","ADK3-0A7E8D47"
256832,"Lanjut","Python","ADK3-0A7E8D47"
630515,"Pemula","Python","ADK3-0A7E8D47"
150699,"Pemula","R","ADK3-0A7E8D47"
705569,"Pemula","Python","ADK3-0A7E8D47"
790639,"Menengah","R","ADK3-0A7E8D47"
253466,"Lanjut","Python","ADK3-0A7E8D47"
146798,"Pemula","R","ADK3-0A7E8D47"
566718,"Menengah","R","ADK3-0A7E8D47"
513580,"Lanjut","R","ADK3-0A7E8D47"
278975,"Lanjut","R","ADK3-0A7E8D47"
786086,"Lanjut","Python","ADK3-0A7E8D47"
504890,"Lanjut","Python","ADK3-0A7E8D47"
288831,"Menengah","Python","ADK3-0A7E8D47"
116997,"Menengah","Python","ADK3-0A7E8D47"
553433,"Menengah","Python","ADK3-0A7E8D47"
156971,"Menengah","R","ADK3-0A7E8D47"
445128,"Menengah","Python","ADK3-0A7E8D47"
571317,"Menengah","Python","ADK3-0A7E8D47"
246091,"Lanjut","Python","ADK3-0A7E8D47"
566259,"Pemula","R","ADK3-0A7E8D47"
929534,"Pemula","R","ADK3-0A7E8D47"
332417,"Menengah","SQL","ADK3-0A7E8D47"
623328,"Lanjut","Python","ADK3-0A7E8D47"
772643,"Menengah","R","ADK3-0A7E8D47"
117018,"Lanjut","Python","ADK3-0A7E8D47"
831826,"Menengah","Python","ADK3-0A7E8D47"
424655,"Lanjut","Python","ADK3-0A7E8D47"
421987,"Pemula","SQL","ADK3-0A7E8D47"
723381,"Menengah","Python","ADK3-0A7E8D47"
617745,"Pemula","Python","ADK3-0A7E8D47"
468757,"Menengah","Python","ADK3-0A7E8D47"
297046,"Pemula","SQL","ADK3-0A7E8D47"
674654,"Menengah","Python","ADK3-0A7E8D47"
318196,"Menengah","SQL","ADK3-0A7E8D47"
735224,"Menengah","SQL","ADK3-0A7E8D47"
554189,"Pemula","SQL","ADK3-0A7E8D47"
664903,"Pemula","R","ADK3-0A7E8D47"
353058,"Lanjut","Python","ADK3-0A7E8D47"
578743,"Lanjut","SQL","ADK3-0A7E8D47"
520848,"Menengah","R","ADK3-0A7E8D47"
714410,"Menengah","SQL","ADK3-0A7E8D47"
880067,"Lanjut","Python","ADK3-0A7E8D47"
297346,"Lanjut","Python","ADK3-0A7E8D47"
648143,"Menengah","Python","ADK3-0A7E8D47"
658916,"Menengah","Python","ADK3-0A7E8D47"
234242,"Lanjut","SQL","ADK3-0A7E8D47"
732232,"Menengah","R","ADK3-0A7E8D47"
838112,"Menengah","Python","ADK3-0A7E8D47"
865950,"Pemula","Python","ADK3-0A7E8D47"
379515,"Menengah","SQL","ADK3-0A7E8D47"
338458,"Lanjut","Python","ADK3-0A7E8D47"
919326,"Pemula","R","ADK3-0A7E8D47"
729070,"Lanjut","Python","ADK3-0A7E8D47"
850745,"Pemula","Python","ADK3-0A7E8D47"
769914,"Pemula","R","ADK3-0A7E8D47"
574015,"Menengah","Python","ADK3-0A7E8D47"
903753,"Pemula","R","ADK3-0A7E8D47"
489401,"Lanjut","Python","ADK3-0A7E8D47"
725774,"Menengah","Python","ADK3-0A7E8D47"
399257,"Menengah","SQL","ADK3-0A7E8D47"
821607,"Menengah","Python","ADK3-0A7E8D47"
172483,"Menengah","R","ADK3-0A7E8D47"
796212,"Pemula","R","ADK3-0A7E8D47"
261832,"Menengah","R","ADK3-0A7E8D47"
380497,"Menengah","Python","ADK3-0A7E8D47"
249420,"Menengah","Python","ADK3-0A7E8D47"
880305,"Lanjut","SQL","ADK3-0A7E8D47"
839111,"Menengah","Python","ADK3-0A7E8D47"
785371,"Lanjut","Python","ADK3-0A7E8D47"
125028,"Menengah","Python","ADK3-0A7E8D47"
736532,"Pemula","Python","ADK3-0A7E8D47"
624956,"Pemula","R","ADK3-0A7E8D47"
705289,"Menengah","R","ADK3-0A7E8D47"
301035,"Menengah","R","ADK3-0A7E8D47"
842977,"Lanjut","Python","ADK3-0A7E8D47"
188213,"Menengah","Python","ADK3-0A7E8D47"
839212,"Menengah","Python","ADK3-0A7E8D47"
315991,"Lanjut","Python","ADK3-0A7E8D47"
327008,"Pemula","SQL","ADK3-0A7E8D47"
985316,"Lanjut","Python","ADK3-0A7E8D47"
896798,"Lanjut","Python","ADK3-0A7E8D47"
629033,"Pemula","SQL","ADK3-0A7E8D47"
236704,"Pemula","SQL","ADK3-0A7E8D47"
652887,"Pemula","Python","ADK3-0A7E8D47"
908973,"Pemula","R","ADK3-0A7E8D47"
502136,"Lanjut","Python","ADK3-0A7E8D47"
994631,"Lanjut","Python","ADK3-0A7E8D47"
616050,"Pemula","Python","ADK3-0A7E8D47"
722634,"Menengah","R","ADK3-0A7E8D47"
133459,"Pemula","Python","ADK3-0A7E8D47"
837674,"Menengah","SQL","ADK3-0A7E8D47"
537937,"Menengah","SQL","ADK3-0A7E8D47"
387832,"Menengah","SQL","ADK3-0A7E8D47"
236085,"Menengah","Python","ADK3-0A7E8D47"
743274,"Menengah","R","ADK3-0A7E8D47"
916635,"Menengah","Python","ADK3-0A7E8D47"
485952,"Pemula","R","ADK3-0A7E8D47"
288177,"Pemula","Python","ADK3-0A7E8D47"
681354,"Menengah","R","ADK3-0A7E8D47"
